"DESCRIPTION","DURATION IN MS","NAME","PARENT SUITE","START TIME","STATUS","STOP TIME","SUB SUITE","SUITE","TEST CLASS","TEST METHOD"
"","14551","单交易多次兑换","","Tue May 20 11:50:19 GMT 2025","passed","Tue May 20 11:50:34 GMT 2025","TestSwap","test_1_swap","",""
"","14409","无gas/FLON,调用合约应失败","","Tue May 20 11:51:16 GMT 2025","passed","Tue May 20 11:51:31 GMT 2025","TestSwap","test_1_swap","",""
"","14247","多用户使用gas+自动转换","","Tue May 20 11:57:11 GMT 2025","passed","Tue May 20 11:57:25 GMT 2025","TestRam","test_5_madd","",""
"","14603","正常兑换","","Tue May 20 11:50:05 GMT 2025","passed","Tue May 20 11:50:19 GMT 2025","TestSwap","test_1_swap","",""
"","17118","无持有gas，转账FLON+消耗gas = FLON余额 应成功","","Tue May 20 12:10:31 GMT 2025","passed","Tue May 20 12:10:48 GMT 2025","TestTransfer","test_transfer","",""
"","14969","持有gas不足（有FLON）","","Tue May 20 11:53:56 GMT 2025","passed","Tue May 20 11:54:11 GMT 2025","TestRam","test_3_use","",""
"","14974","持有gas刚好，转账所有FLON，应成功","","Tue May 20 12:08:44 GMT 2025","passed","Tue May 20 12:08:59 GMT 2025","TestTransfer","test_transfer","",""
"","15904","持有net大于所需net","","Tue May 20 12:06:23 GMT 2025","passed","Tue May 20 12:06:39 GMT 2025","TestTransfer","test_cpu_border","",""
"","14565","修改本人数据","","Tue May 20 11:53:13 GMT 2025","passed","Tue May 20 11:53:27 GMT 2025","TestRam","test_3_use","",""
"","15428","多action使用gas","","Tue May 20 12:01:56 GMT 2025","passed","Tue May 20 12:02:12 GMT 2025","TestActions","test_actions_gas_sum","",""
"","16303","持有gas小于所需gas","","Tue May 20 12:06:07 GMT 2025","passed","Tue May 20 12:06:23 GMT 2025","TestTransfer","test_cpu_border","",""
"","15087","多用户置换","","Tue May 20 11:56:09 GMT 2025","passed","Tue May 20 11:56:24 GMT 2025","TestRam","test_5_madd","",""
"","16328","FLON余额等于所需ram","","Tue May 20 12:05:19 GMT 2025","passed","Tue May 20 12:05:35 GMT 2025","TestTransfer","test_cpu_border","",""
"","15892","持有ram比所需ram大1","","Tue May 20 12:07:11 GMT 2025","passed","Tue May 20 12:07:27 GMT 2025","TestTransfer","test_cpu_border","",""
"","16061","持有ram比所需ram小1,应失败","","Tue May 20 12:07:42 GMT 2025","passed","Tue May 20 12:07:58 GMT 2025","TestTransfer","test_cpu_border","",""
"","16570","单交易限制测试，单区块限制测试","","Tue May 20 12:08:14 GMT 2025","passed","Tue May 20 12:08:31 GMT 2025","TestTransfer","test_cpu_max","",""
"","16578","持有gas 刚好，转账FLON 大于 FLON余额，应失败","","Tue May 20 12:08:59 GMT 2025","passed","Tue May 20 12:09:16 GMT 2025","TestTransfer","test_transfer","",""
"","14511","持有gas不足（没有FLON）","","Tue May 20 11:53:42 GMT 2025","passed","Tue May 20 11:53:56 GMT 2025","TestRam","test_3_use","",""
"","15738","create 账号默认unlinit, 设置为 limit, 再设置为unlimit","","Tue May 20 12:01:23 GMT 2025","passed","Tue May 20 12:01:38 GMT 2025","Test_setalimits","test_9_setalimits","",""
"","15715","持有net小于所需net","","Tue May 20 12:06:39 GMT 2025","passed","Tue May 20 12:06:55 GMT 2025","TestTransfer","test_cpu_border","",""
"","14808","使用gas，退还gas","","Tue May 20 11:54:40 GMT 2025","passed","Tue May 20 11:54:55 GMT 2025","TestRam","test_4_add_rm","",""
"","33570","资源价格小数验证","","Tue May 20 12:00:10 GMT 2025","passed","Tue May 20 12:00:44 GMT 2025","Test_Cpu_Net_Ram","test_8_cpu_net","",""
"","15182","多用户退还gas+自动转换","","Tue May 20 11:57:40 GMT 2025","passed","Tue May 20 11:57:55 GMT 2025","TestRam","test_6_madd_rm","",""
"","16883","持有gas不足，转账FLON + 消耗FLON > FLON余额应失败","","Tue May 20 12:11:22 GMT 2025","passed","Tue May 20 12:11:39 GMT 2025","TestTransfer","test_transfer","",""
"","18062","newaccount 设置为unlimit， 再设置为limit （验证ram返还）","","Tue May 20 12:01:38 GMT 2025","passed","Tue May 20 12:01:56 GMT 2025","Test_setalimits","test_9_setalimits","",""
"","13568","fundgas 多用例合并","","Tue May 20 11:58:54 GMT 2025","passed","Tue May 20 11:59:07 GMT 2025","TestFundgas","test_7_fundgas_buygas","",""
"","15959","FLON余额小于所需gas","","Tue May 20 12:03:59 GMT 2025","passed","Tue May 20 12:04:15 GMT 2025","TestTransfer","test_cpu_border","",""
"","14394","自动转换,退还gas","","Tue May 20 11:54:11 GMT 2025","passed","Tue May 20 11:54:26 GMT 2025","TestRam","test_4_add_rm","",""
"","14394","数据删除退还","","Tue May 20 11:51:31 GMT 2025","passed","Tue May 20 11:51:45 GMT 2025","TestRam","test_2_reserve","",""
"","13149","修改本人数据","","Tue May 20 11:50:49 GMT 2025","passed","Tue May 20 11:51:02 GMT 2025","TestSwap","test_1_swap","",""
"","16855","持有gas充裕，转账FLON大于FLON余额，应失败","","Tue May 20 12:09:31 GMT 2025","passed","Tue May 20 12:09:48 GMT 2025","TestTransfer","test_transfer","",""
"","13432","无持有gas，转账所有FLON,应失败","","Tue May 20 12:08:31 GMT 2025","passed","Tue May 20 12:08:44 GMT 2025","TestTransfer","test_transfer","",""
"","16508","资源消耗 gas 计算","","Tue May 20 11:59:54 GMT 2025","passed","Tue May 20 12:00:10 GMT 2025","Test_Cpu_Net_Ram","test_8_cpu_net","",""
"","14815","多action退还gas","","Tue May 20 12:02:12 GMT 2025","passed","Tue May 20 12:02:27 GMT 2025","TestActions","test_actions_gas_sum","",""
"","14847","退还&使用&退还","","Tue May 20 11:55:40 GMT 2025","passed","Tue May 20 11:55:54 GMT 2025","TestRam","test_4_add_rm","",""
"","15497","newaccount 设置为unlimit， 再设置为limit","","Tue May 20 12:01:07 GMT 2025","passed","Tue May 20 12:01:23 GMT 2025","Test_setalimits","test_9_setalimits","",""
"","14696","退还gas，自动转换","","Tue May 20 11:54:26 GMT 2025","passed","Tue May 20 11:54:40 GMT 2025","TestRam","test_4_add_rm","",""
"","15195","有加有减","","Tue May 20 12:02:27 GMT 2025","passed","Tue May 20 12:02:42 GMT 2025","TestActions","test_actions_gas_sum","",""
"","15186","多账号多减","","Tue May 20 12:02:57 GMT 2025","passed","Tue May 20 12:03:12 GMT 2025","TestActions","test_actions_gas_sum","",""
"","14404","资源使用上限计算","","Tue May 20 11:59:39 GMT 2025","passed","Tue May 20 11:59:54 GMT 2025","Test_Cpu_Net_Ram","test_8_cpu_net","",""
"","14913","多用户使用gas，自动转换，退还gas","","Tue May 20 11:58:24 GMT 2025","passed","Tue May 20 11:58:39 GMT 2025","TestRam","test_6_madd_rm","",""
"","15732","FLON余额小于所需ram,应失败","","Tue May 20 12:05:51 GMT 2025","passed","Tue May 20 12:06:07 GMT 2025","TestTransfer","test_cpu_border","",""
"","14571","他人修改数据退还","","Tue May 20 11:52:15 GMT 2025","passed","Tue May 20 11:52:30 GMT 2025","TestRam","test_2_reserve","",""
"","14601","多交易多次兑换","","Tue May 20 11:50:34 GMT 2025","passed","Tue May 20 11:50:49 GMT 2025","TestSwap","test_1_swap","",""
"","15603","单交易多次退还","","Tue May 20 11:51:45 GMT 2025","passed","Tue May 20 11:52:01 GMT 2025","TestRam","test_2_reserve","",""
"","16550","持有gas不足，转账FLON + 消耗FLON = FLON余额应成功","","Tue May 20 12:11:05 GMT 2025","passed","Tue May 20 12:11:22 GMT 2025","TestTransfer","test_transfer","",""
"","16143","buygas 多用例合并","","Tue May 20 11:59:07 GMT 2025","passed","Tue May 20 11:59:23 GMT 2025","TestFundgas","test_7_fundgas_buygas","",""
"","14168","多用户自动转换+退还gas","","Tue May 20 11:57:25 GMT 2025","passed","Tue May 20 11:57:40 GMT 2025","TestRam","test_6_madd_rm","",""
"","15457","持有ram等于所需ram","","Tue May 20 12:07:27 GMT 2025","passed","Tue May 20 12:07:42 GMT 2025","TestTransfer","test_cpu_border","",""
"","14769","使用gas，自动转换，退还gas","","Tue May 20 11:55:10 GMT 2025","passed","Tue May 20 11:55:25 GMT 2025","TestRam","test_4_add_rm","",""
"","14761","使用&退还&使用","","Tue May 20 11:55:54 GMT 2025","passed","Tue May 20 11:56:09 GMT 2025","TestRam","test_4_add_rm","",""
"","14731","退还gas,使用gas，自动转换","","Tue May 20 11:55:25 GMT 2025","passed","Tue May 20 11:55:40 GMT 2025","TestRam","test_4_add_rm","",""
"","14655","无持有gas，转账FLON+消耗gas < FLON余额 应成功","","Tue May 20 12:09:48 GMT 2025","passed","Tue May 20 12:10:02 GMT 2025","TestTransfer","test_transfer","",""
"","16387","FLON余额大于所需gas","","Tue May 20 12:03:43 GMT 2025","passed","Tue May 20 12:03:59 GMT 2025","TestTransfer","test_cpu_border","",""
"","14937","持有gas充裕，转账所有FLON，应成功","","Tue May 20 12:09:16 GMT 2025","passed","Tue May 20 12:09:31 GMT 2025","TestTransfer","test_transfer","",""
"","14816","退还gas，使用gas","","Tue May 20 11:54:55 GMT 2025","passed","Tue May 20 11:55:10 GMT 2025","TestRam","test_4_add_rm","",""
"","14595","修改他人数据","","Tue May 20 11:53:27 GMT 2025","passed","Tue May 20 11:53:42 GMT 2025","TestRam","test_3_use","",""
"","15758","FLON余额大于所需net","","Tue May 20 12:04:15 GMT 2025","passed","Tue May 20 12:04:31 GMT 2025","TestTransfer","test_cpu_border","",""
"","15956","FLON余额大于所需ram","","Tue May 20 12:04:47 GMT 2025","passed","Tue May 20 12:05:03 GMT 2025","TestTransfer","test_cpu_border","",""
"","15957","FLON余额比所需ram小1,应失败","","Tue May 20 12:05:35 GMT 2025","passed","Tue May 20 12:05:51 GMT 2025","TestTransfer","test_cpu_border","",""
"","23439","汇总计算","","Tue May 20 12:00:44 GMT 2025","passed","Tue May 20 12:01:07 GMT 2025","Test_Cpu_Net_Ram","test_8_cpu_net","",""
"","16818","无持有gas，转账FLON+消耗gas > FLON余额 应失败","","Tue May 20 12:10:48 GMT 2025","passed","Tue May 20 12:11:05 GMT 2025","TestTransfer","test_transfer","",""
"","15269","多用户退还gas+使用gas","","Tue May 20 11:58:09 GMT 2025","passed","Tue May 20 11:58:24 GMT 2025","TestRam","test_6_madd_rm","",""
"","13608","正常使用","","Tue May 20 11:52:30 GMT 2025","passed","Tue May 20 11:52:43 GMT 2025","TestRam","test_3_use","",""
"","14706","多用户退还gas，使用gas，自动转换","","Tue May 20 11:58:39 GMT 2025","passed","Tue May 20 11:58:54 GMT 2025","TestRam","test_6_madd_rm","",""
"","15830","持有gas大于所需gas","","Tue May 20 12:03:27 GMT 2025","passed","Tue May 20 12:03:43 GMT 2025","TestTransfer","test_cpu_border","",""
"","16377","持有ram大于所需ram","","Tue May 20 12:06:55 GMT 2025","passed","Tue May 20 12:07:11 GMT 2025","TestTransfer","test_cpu_border","",""
"","14753","多交易多次使用","","Tue May 20 11:52:58 GMT 2025","passed","Tue May 20 11:53:13 GMT 2025","TestRam","test_3_use","",""
"","15221","多用户退还gas","","Tue May 20 11:56:40 GMT 2025","passed","Tue May 20 11:56:56 GMT 2025","TestRam","test_5_madd","",""
"","14400","修改本人数据退还","","Tue May 20 11:52:01 GMT 2025","passed","Tue May 20 11:52:15 GMT 2025","TestRam","test_2_reserve","",""
"","14542","修改他人数据","","Tue May 20 11:51:02 GMT 2025","passed","Tue May 20 11:51:16 GMT 2025","TestSwap","test_1_swap","",""
"","16008","持有ram小于所需ram,应失败","","Tue May 20 12:07:58 GMT 2025","passed","Tue May 20 12:08:14 GMT 2025","TestTransfer","test_cpu_border","",""
"","14827","多账号多加","","Tue May 20 12:02:42 GMT 2025","passed","Tue May 20 12:02:57 GMT 2025","TestActions","test_actions_gas_sum","",""
"","16210","多用户单次/多次置换","","Tue May 20 11:56:24 GMT 2025","passed","Tue May 20 11:56:40 GMT 2025","TestRam","test_5_madd","",""
"","14648","单交易多次使用","","Tue May 20 11:52:43 GMT 2025","passed","Tue May 20 11:52:58 GMT 2025","TestRam","test_3_use","",""
"","13914","持有gas不足，转账所有FLON，应失败","","Tue May 20 12:10:02 GMT 2025","passed","Tue May 20 12:10:16 GMT 2025","TestTransfer","test_transfer","",""
"","14974","多账号有加有减","","Tue May 20 12:03:12 GMT 2025","passed","Tue May 20 12:03:27 GMT 2025","TestActions","test_actions_gas_sum","",""
"","15711","FLON余额比所需ram大1","","Tue May 20 12:05:03 GMT 2025","passed","Tue May 20 12:05:19 GMT 2025","TestTransfer","test_cpu_border","",""
"","15550","多用户使用gas","","Tue May 20 11:56:56 GMT 2025","passed","Tue May 20 11:57:11 GMT 2025","TestRam","test_5_madd","",""
"","15800","buygasself 多用例合并","","Tue May 20 11:59:23 GMT 2025","passed","Tue May 20 11:59:39 GMT 2025","TestFundgas","test_7_fundgas_buygas","",""
"","13794","无持有gas，转账FLON > FLON余额，应失败","","Tue May 20 12:11:39 GMT 2025","passed","Tue May 20 12:11:53 GMT 2025","TestTransfer","test_transfer","",""
"","13901","多用户使用gas+退还gas","","Tue May 20 11:57:55 GMT 2025","passed","Tue May 20 11:58:09 GMT 2025","TestRam","test_6_madd_rm","",""
"","14961","持有gas不足，转账FLON + 消耗FLON < FLON余额应成功","","Tue May 20 12:10:16 GMT 2025","passed","Tue May 20 12:10:31 GMT 2025","TestTransfer","test_transfer","",""
"","16276","FLON余额小于所需net","","Tue May 20 12:04:31 GMT 2025","passed","Tue May 20 12:04:47 GMT 2025","TestTransfer","test_cpu_border","",""
